"Cod.","Ruolo","Nome","Voto","Gf","Gs","Rp","Rs","Rf","Au","Amm","Esp","Ass","Asf","Gdv","Gdp","Day","FantasyEvaluation","Year"
"316.0","P","BERISHA E","7.02","0.0","2.0","0.0","0.0","0.0","0.0","0.0","0.0","0.0","0.0","0.0","0.0","34"
"695.0","D","TOLOI","6.52","0.0","0.0","0.0","0.0","0.0","0.0","0.0","0.0","0.0","0.0","0.0","0.0","34"
"1847.0","D","CALDARA","6.51","0.0","0.0","0.0","0.0","0.0","0.0","0.0","0.0","0.0","0.0","0.0","0.0","34"
"15.0","D","MASIELLO A","6.53","0.0","0.0","0.0","0.0","0.0","0.0","0.0","0.0","0.0","0.0","0.0","0.0","34"
"11.0","D","CONTI","7.02","1.0","0.0","0.0","0.0","0.0","0.0","1.0","0.0","0.0","0.0","0.0","0.0","34"
"2130.0","D","HATEBOER","5.52","0.0","0.0","0.0","0.0","0.0","0.0","0.0","0.0","0.0","0.0","0.0","0.0","34"
"26.0","C","GOMEZ A","6.52","0.0","0.0","0.0","0.0","0.0","0.0","1.0","0.0","1.0","0.0","0.0","0.0","34"
"28.0","C","KURTIC","5.51","0.0","0.0","0.0","0.0","0.0","0.0","0.0","0.0","0.0","0.0","0.0","0.0","34"
"779.0","C","CRISTANTE","5.51","0.0","0.0","0.0","0.0","0.0","0.0","0.0","0.0","0.0","0.0","0.0","0.0","34"
"788.0","C","FREULER","6.52","1.0","0.0","0.0","0.0","0.0","0.0","1.0","0.0","0.0","0.0","0.0","1.0","34"
"1852.0","C","SPINAZZOLA","4.53","0.0","0.0","0.0","0.0","0.0","1.0","0.0","0.0","0.0","0.0","0.0","0.0","34"
"1850.0","C","KESSIE'","5.52","0.0","0.0","0.0","0.0","0.0","0.0","0.0","0.0","0.0","0.0","0.0","0.0","34"
"383.0","A","PETAGNA","6*","0.0","0.0","0.0","0.0","0.0","0.0","0.0","0.0","0.0","0.0","0.0","0.0","34"
"684.0","ALL","GASPERINI","7.04","0.0","0.0","0.0","0.0","0.0","0.0","0.0","0.0","0.0","0.0","0.0","0.0","34"
"41.0","P","MIRANTE","6.01","0.0","0.0","0.0","0.0","0.0","0.0","0.0","0.0","0.0","0.0","0.0","0.0","34"
"461.0","D","TOROSIDIS","6.01","0.0","0.0","0.0","0.0","0.0","0.0","0.0","0.0","0.0","0.0","0.0","0.0","34"
"47.0","D","GASTALDELLO","6.54","0.0","0.0","0.0","0.0","0.0","0.0","0.0","0.0","0.0","0.0","0.0","0.0","34"
"48.0","D","MAIETTA","7.02","0.0","0.0","0.0","0.0","0.0","0.0","0.0","0.0","0.0","0.0","0.0","0.0","34"
"50.0","D","MBAYE","6.51","0.0","0.0","0.0","0.0","0.0","0.0","0.0","0.0","0.0","0.0","0.0","0.0","34"
"663.0","D","KRAFTH","6.01","0.0","0.0","0.0","0.0","0.0","0.0","0.0","0.0","0.0","0.0","0.0","0.0","34"
"52.0","D","OIKONOMOU","6*","0.0","0.0","0.0","0.0","0.0","0.0","0.0","0.0","0.0","0.0","0.0","0.0","34"
"1858.0","C","KREJCI","7.04","0.0","0.0","0.0","0.0","0.0","0.0","0.0","0.0","1.0","0.0","0.0","0.0","34"
"669.0","C","DONSAH","7.04","0.0","0.0","0.0","0.0","0.0","0.0","0.0","0.0","1.0","0.0","0.0","0.0","34"
"631.0","C","VIVIANI","6.01","0.0","0.0","0.0","0.0","0.0","0.0","1.0","0.0","0.0","0.0","0.0","0.0","34"
"275.0","C","TAIDER","7.02","1.0","0.0","0.0","0.0","0.0","0.0","0.0","0.0","0.0","0.0","0.0","0.0","34"
"376.0","C","VERDI","7.01","0.0","0.0","0.0","0.0","0.0","0.0","0.0","0.0","0.0","0.0","0.0","0.0","34"
"472.0","A","DESTRO","7.51","2.0","0.0","0.0","0.0","0.0","0.0","0.0","0.0","0.0","0.0","1.0","0.0","34"
"2114.0","A","PETKOVIC","6*","0.0","0.0","0.0","0.0","0.0","0.0","0.0","0.0","0.0","0.0","0.0","0.0","34"
"760.0","ALL","DONADONI","7.03","0.0","0.0","0.0","0.0","0.0","0.0","0.0","0.0","0.0","0.0","0.0","0.0","34"
"611.0","P","RAFAEL","7.02","0.0","0.0","0.0","0.0","0.0","0.0","0.0","0.0","0.0","0.0","0.0","0.0","34"
"1869.0","D","PISACANE","6.52","0.0","0.0","0.0","0.0","0.0","0.0","0.0","0.0","0.0","0.0","0.0","0.0","34"
"491.0","D","SALAMON","6.51","0.0","0.0","0.0","0.0","0.0","0.0","0.0","0.0","0.0","0.0","0.0","0.0","34"
"1864.0","D","BRUNO ALVES","6.03","0.0","0.0","0.0","0.0","0.0","0.0","1.0","0.0","0.0","0.0","0.0","0.0","34"
"1868.0","D","MURRU","6.02","0.0","0.0","0.0","0.0","0.0","0.0","0.0","0.0","0.0","0.0","0.0","0.0","34"
"627.0","C","IONITA","6.01","0.0","0.0","0.0","0.0","0.0","0.0","0.0","0.0","0.0","0.0","0.0","0.0","34"
"241.0","C","TACHTSIDIS","5.52","0.0","0.0","0.0","0.0","0.0","0.0","0.0","0.0","0.0","0.0","0.0","0.0","34"
"1870.0","C","BARELLA","7.03","0.0","0.0","0.0","0.0","0.0","0.0","0.0","0.0","0.0","0.0","0.0","0.0","34"
"1874.0","C","JOAO PEDRO","7.02","0.0","0.0","0.0","0.0","1.0","0.0","0.0","0.0","0.0","0.0","1.0","0.0","34"
"2116.0","C","FARAGO'","6.02","0.0","0.0","0.0","0.0","0.0","0.0","0.0","0.0","0.0","0.0","0.0","0.0","34"
"301.0","C","PADOIN","6.04","0.0","0.0","0.0","0.0","0.0","0.0","0.0","0.0","0.0","0.0","0.0","0.0","34"
"1882.0","A","SAU","6.53","0.0","0.0","0.0","0.0","0.0","0.0","0.0","0.0","0.0","0.0","0.0","0.0","34"
"1879.0","A","FARIAS","5.02","0.0","0.0","0.0","0.0","0.0","0.0","0.0","0.0","0.0","0.0","0.0","0.0","34"
"722.0","A","BORRIELLO","6.01","0.0","0.0","0.0","0.0","0.0","0.0","0.0","0.0","0.0","0.0","0.0","0.0","34"
"1883.0","ALL","RASTELLI","6.54","0.0","0.0","0.0","0.0","0.0","0.0","0.0","0.0","0.0","0.0","0.0","0.0","34"
"413.0","P","SORRENTINO","6.01","0.0","1.0","0.0","0.0","0.0","0.0","0.0","0.0","0.0","0.0","0.0","0.0","34"
"78.0","D","SPOLLI","6.04","0.0","0.0","0.0","0.0","0.0","0.0","0.0","0.0","0.0","0.0","0.0","0.0","34"
"101.0","D","DAINELLI","6.03","0.0","0.0","0.0","0.0","0.0","0.0","0.0","0.0","0.0","0.0","0.0","0.0","34"
"100.0","D","CESAR","5.51","0.0","0.0","0.0","0.0","0.0","0.0","0.0","0.0","0.0","0.0","0.0","0.0","34"
"105.0","D","GOBBI","6.53","0.0","0.0","0.0","0.0","0.0","0.0","1.0","0.0","1.0","0.0","0.0","0.0","34"
"112.0","C","CASTRO","6.52","0.0","0.0","0.0","0.0","0.0","0.0","0.0","0.0","1.0","0.0","0.0","0.0","34"
"118.0","C","RADOVANOVIC","5.52","0.0","0.0","0.0","0.0","0.0","0.0","1.0","0.0","0.0","0.0","0.0","0.0","34"
"116.0","C","IZCO","6.54","0.0","0.0","0.0","0.0","0.0","0.0","0.0","0.0","0.0","0.0","0.0","0.0","34"
"2072.0","C","BASTIEN","6.53","1.0","0.0","0.0","0.0","0.0","0.0","0.0","0.0","0.0","0.0","0.0","0.0","34"
"111.0","C","BIRSA","7.03","1.0","0.0","0.0","0.0","0.0","0.0","0.0","0.0","0.0","0.0","1.0","0.0","34"
"2141.0","C","DEPAOLI","5.02","0.0","0.0","0.0","0.0","0.0","0.0","0.0","1.0","0.0","0.0","0.0","0.0","34"
"399.0","C","DE GUZMAN","6*","0.0","0.0","0.0","0.0","0.0","0.0","0.0","0.0","0.0","0.0","0.0","0.0","34"
"127.0","A","PELLISSIER","6.01","0.0","0.0","0.0","0.0","0.0","0.0","0.0","0.0","0.0","0.0","0.0","0.0","34"
"123.0","A","INGLESE","5.52","0.0","0.0","0.0","0.0","0.0","0.0","0.0","0.0","0.0","0.0","0.0","0.0","34"
"680.0","ALL","MARAN","7.04","0.0","0.0","0.0","0.0","0.0","0.0","0.0","0.0","0.0","0.0","0.0","0.0","34"
"1889.0","P","CORDAZ","7.01","0.0","1.0","0.0","0.0","0.0","0.0","0.0","0.0","0.0","0.0","0.0","0.0","34"
"198.0","D","ROSI","6.51","0.0","0.0","0.0","0.0","0.0","0.0","0.0","0.0","0.0","0.0","0.0","0.0","34"
"1891.0","D","CECCHERINI","6.52","0.0","0.0","0.0","0.0","0.0","0.0","0.0","0.0","0.0","0.0","0.0","0.0","34"
"1895.0","D","FERRARI G","6.52","0.0","0.0","0.0","0.0","0.0","0.0","1.0","0.0","0.0","0.0","0.0","0.0","34"
"1896.0","D","MARTELLA","6.03","0.0","0.0","0.0","0.0","0.0","0.0","0.0","0.0","0.0","0.0","0.0","0.0","34"
"2071.0","D","DUSSENNE","6.01","0.0","0.0","0.0","0.0","0.0","0.0","0.0","0.0","0.0","0.0","0.0","0.0","34"
"173.0","C","CAPEZZI","6*","0.0","0.0","0.0","0.0","0.0","0.0","0.0","0.0","0.0","0.0","0.0","0.0","34"
"2014.0","C","ROHDEN","6.51","0.0","0.0","0.0","0.0","0.0","0.0","0.0","0.0","0.0","0.0","0.0","0.0","34"
"1901.0","C","BARBERIS","6.51","0.0","0.0","0.0","0.0","0.0","0.0","0.0","0.0","0.0","0.0","0.0","0.0","34"
"57.0","C","CRISETIG","5.52","0.0","0.0","0.0","0.0","0.0","0.0","1.0","0.0","0.0","0.0","0.0","0.0","34"
"121.0","C","STOIAN","5.53","0.0","0.0","0.0","0.0","0.0","0.0","0.0","0.0","0.0","0.0","0.0","0.0","34"
"1906.0","A","NALINI","6.53","0.0","0.0","0.0","0.0","0.0","0.0","0.0","0.0","1.0","0.0","0.0","0.0","34"
"532.0","A","FALCINELLI","6.02","0.0","0.0","0.0","0.0","0.0","0.0","1.0","0.0","0.0","0.0","0.0","0.0","34"
"789.0","A","TROTTA","7.04","1.0","0.0","0.0","0.0","0.0","0.0","0.0","0.0","0.0","0.0","0.0","0.0","34"
"1911.0","ALL","NICOLA","7.02","0.0","0.0","0.0","0.0","0.0","0.0","0.0","0.0","0.0","0.0","0.0","0.0","34"
"133.0","P","SKORUPSKI","5.54","0.0","3.0","0.0","0.0","0.0","0.0","0.0","0.0","0.0","0.0","0.0","0.0","34"
"141.0","D","LAURINI","4.54","0.0","0.0","0.0","0.0","0.0","0.0","0.0","0.0","0.0","0.0","0.0","0.0","34"
"1912.0","D","BELLUSCI","5.04","0.0","0.0","0.0","0.0","0.0","0.0","0.0","0.0","0.0","0.0","0.0","0.0","34"
"134.0","D","BARBA","5.51","0.0","0.0","0.0","0.0","0.0","0.0","0.0","0.0","0.0","0.0","0.0","0.0","34"
"166.0","D","PASQUAL","6.01","0.0","0.0","0.0","0.0","0.0","0.0","0.0","0.0","0.0","0.0","0.0","0.0","34"
"254.0","D","DIMARCO","6*","0.0","0.0","0.0","0.0","0.0","0.0","0.0","0.0","0.0","0.0","0.0","0.0","34"
"653.0","D","ZAMBELLI","6*","0.0","0.0","0.0","0.0","0.0","0.0","0.0","0.0","0.0","0.0","0.0","0.0","34"
"1915.0","C","TELLO A","5.02","0.0","0.0","0.0","0.0","0.0","0.0","0.0","0.0","0.0","0.0","0.0","0.0","34"
"147.0","C","DIOUSSE'","5.04","0.0","0.0","0.0","0.0","0.0","0.0","1.0","0.0","0.0","0.0","0.0","0.0","34"
"148.0","C","KRUNIC","6.54","0.0","0.0","0.0","0.0","0.0","0.0","0.0","0.0","0.0","0.0","0.0","0.0","34"
"401.0","C","EL KADDOURI","6.04","0.0","0.0","0.0","0.0","0.0","0.0","0.0","0.0","0.0","0.0","0.0","0.0","34"
"156.0","A","PUCCIARELLI","6.01","0.0","0.0","0.0","0.0","1.0","0.0","0.0","0.0","0.0","0.0","0.0","0.0","34"
"2112.0","A","THIAM","5.01","0.0","0.0","0.0","0.0","0.0","0.0","0.0","0.0","0.0","0.0","0.0","0.0","34"
"153.0","A","MACCARONE","5.54","0.0","0.0","0.0","0.0","0.0","0.0","1.0","0.0","0.0","0.0","0.0","0.0","34"
"739.0","ALL","MARTUSCIELLO","5.03","0.0","0.0","0.0","0.0","0.0","0.0","0.0","0.0","0.0","0.0","0.0","0.0","34"
"160.0","P","TATARUSANU","5.54","0.0","2.0","0.0","0.0","0.0","0.0","0.0","0.0","0.0","0.0","0.0","0.0","34"
"2067.0","D","SALCEDO","5.01","0.0","0.0","0.0","0.0","0.0","0.0","1.0","0.0","0.0","0.0","0.0","0.0","34"
"642.0","D","ASTORI","4.51","0.0","0.0","0.0","0.0","0.0","0.0","0.0","1.0","0.0","0.0","0.0","0.0","34"
"2060.0","D","MILIC","6.03","0.0","0.0","0.0","0.0","0.0","0.0","0.0","0.0","0.0","0.0","0.0","0.0","34"
"177.0","C","ILICIC","6.02","0.0","0.0","0.0","0.0","0.0","0.0","0.0","0.0","0.0","0.0","0.0","0.0","34"
"172.0","C","BORJA VALERO","5.02","0.0","0.0","0.0","0.0","0.0","0.0","0.0","0.0","0.0","0.0","0.0","0.0","34"
"794.0","C","TELLO C","5.02","0.0","0.0","0.0","0.0","0.0","0.0","0.0","0.0","0.0","0.0","0.0","0.0","34"
"181.0","C","VECINO","5.01","0.0","0.0","0.0","0.0","0.0","0.0","0.0","0.0","0.0","0.0","0.0","0.0","34"
"170.0","C","BADELJ","5.01","0.0","0.0","0.0","0.0","0.0","0.0","1.0","0.0","0.0","0.0","0.0","0.0","34"
"150.0","C","SAPONARA","5.51","0.0","0.0","0.0","0.0","0.0","0.0","0.0","0.0","0.0","0.0","0.0","0.0","34"
"2058.0","C","SANCHEZ C","5.02","0.0","0.0","0.0","0.0","0.0","0.0","0.0","0.0","0.0","0.0","0.0","0.0","34"
"2151.0","A","MLAKAR","5.52","0.0","0.0","0.0","0.0","0.0","0.0","0.0","0.0","0.0","0.0","0.0","0.0","34"
"183.0","A","BABACAR","4.52","0.0","0.0","0.0","0.0","0.0","0.0","0.0","0.0","0.0","0.0","0.0","0.0","34"
"2002.0","A","CHIESA","6.03","0.0","0.0","0.0","0.0","0.0","0.0","0.0","0.0","0.0","0.0","0.0","0.0","34"
"682.0","ALL","PAULO SOUSA","4.53","0.0","0.0","0.0","0.0","0.0","0.0","0.0","0.0","0.0","0.0","0.0","0.0","34"
"217.0","P","LAMANNA","6.01","0.0","2.0","0.0","0.0","0.0","0.0","0.0","0.0","0.0","0.0","0.0","0.0","34"
"228.0","D","MUNOZ","5.04","0.0","0.0","0.0","0.0","0.0","0.0","0.0","0.0","0.0","0.0","0.0","0.0","34"
"222.0","D","BURDISSO","5.53","0.0","0.0","0.0","0.0","0.0","0.0","0.0","0.0","0.0","0.0","0.0","0.0","34"
"323.0","D","GENTILETTI","5.01","0.0","0.0","0.0","0.0","0.0","0.0","0.0","0.0","0.0","0.0","0.0","0.0","34"
"236.0","C","LAZOVIC","5.54","0.0","0.0","0.0","0.0","0.0","0.0","0.0","0.0","0.0","0.0","0.0","0.0","34"
"438.0","C","RIGONI L","5.54","0.0","0.0","0.0","0.0","0.0","0.0","0.0","0.0","0.0","0.0","0.0","0.0","34"
"2011.0","C","MIGUEL VELOSO","6.01","0.0","0.0","0.0","0.0","0.0","0.0","0.0","0.0","0.0","0.0","0.0","0.0","34"
"235.0","C","LAXALT","6.51","0.0","0.0","0.0","0.0","0.0","0.0","1.0","0.0","1.0","0.0","0.0","0.0","34"
"433.0","C","HILJEMARK","6.04","0.0","0.0","0.0","0.0","0.0","0.0","0.0","0.0","0.0","0.0","0.0","0.0","34"
"809.0","C","NINKOVIC","6*","0.0","0.0","0.0","0.0","0.0","0.0","0.0","0.0","0.0","0.0","0.0","0.0","34"
"2103.0","A","PELLEGRI","6*","0.0","0.0","0.0","0.0","0.0","0.0","0.0","0.0","0.0","0.0","0.0","0.0","34"
"245.0","A","PANDEV","6.54","1.0","0.0","0.0","0.0","0.0","0.0","0.0","0.0","0.0","0.0","0.0","0.0","34"
"2061.0","A","SIMEONE","4.54","0.0","0.0","0.0","1.0","0.0","0.0","0.0","0.0","0.0","0.0","0.0","0.0","34"
"1909.0","A","PALLADINO","5.03","0.0","0.0","0.0","0.0","0.0","0.0","0.0","0.0","0.0","0.0","0.0","0.0","34"
"1924.0","ALL","JURIC","5.02","0.0","0.0","0.0","0.0","0.0","0.0","0.0","0.0","0.0","0.0","0.0","0.0","34"
"250.0","P","HANDANOVIC","7.04","0.0","1.0","0.0","0.0","0.0","0.0","0.0","0.0","0.0","0.0","0.0","0.0","34"
"253.0","D","D'AMBROSIO","5.54","0.0","0.0","0.0","0.0","0.0","0.0","0.0","0.0","0.0","0.0","0.0","0.0","34"
"259.0","D","MURILLO","6.01","0.0","0.0","0.0","0.0","0.0","0.0","1.0","0.0","0.0","0.0","0.0","0.0","34"
"260.0","D","NAGATOMO","4.01","0.0","0.0","0.0","0.0","0.0","0.0","0.0","0.0","0.0","0.0","0.0","0.0","34"
"251.0","D","ANDREOLLI","6*","0.0","0.0","0.0","0.0","0.0","0.0","0.0","0.0","0.0","0.0","0.0","0.0","34"
"801.0","C","GAGLIARDINI","5.52","0.0","0.0","0.0","0.0","0.0","0.0","0.0","0.0","0.0","0.0","0.0","0.0","34"
"265.0","C","BROZOVIC","5.04","0.0","0.0","0.0","0.0","0.0","0.0","1.0","0.0","0.0","0.0","0.0","0.0","34"
"332.0","C","CANDREVA","5.54","0.0","0.0","0.0","0.0","0.0","0.0","0.0","0.0","0.0","0.0","0.0","0.0","34"
"2078.0","C","JOAO MARIO","5.01","0.0","0.0","0.0","0.0","0.0","0.0","0.0","0.0","0.0","0.0","0.0","0.0","34"
"272.0","C","MEDEL","5.04","0.0","0.0","0.0","0.0","0.0","0.0","0.0","0.0","0.0","0.0","0.0","0.0","34"
"704.0","C","PERISIC","5.54","0.0","0.0","0.0","0.0","0.0","0.0","0.0","0.0","0.0","0.0","0.0","0.0","34"
"1929.0","C","BANEGA","6.02","0.0","0.0","0.0","0.0","0.0","0.0","0.0","0.0","0.0","0.0","0.0","0.0","34"
"506.0","A","EDER","5.51","0.0","0.0","0.0","0.0","0.0","0.0","0.0","0.0","0.0","0.0","0.0","0.0","34"
"277.0","A","ICARDI","5.01","0.0","0.0","0.0","0.0","0.0","0.0","0.0","0.0","0.0","0.0","0.0","0.0","34"
"676.0","ALL","PIOLI","5.03","0.0","0.0","0.0","0.0","0.0","0.0","0.0","0.0","0.0","0.0","0.0","0.0","34"
"282.0","P","BUFFON","6.54","0.0","2.0","0.0","0.0","0.0","0.0","0.0","0.0","0.0","0.0","0.0","0.0","34"
"1932.0","D","DANI ALVES","7.01","1.0","0.0","0.0","0.0","0.0","0.0","1.0","0.0","0.0","0.0","0.0","0.0","34"
"286.0","D","BONUCCI","6.02","0.0","0.0","0.0","0.0","0.0","0.0","0.0","0.0","0.0","0.0","0.0","0.0","34"
"288.0","D","CHIELLINI","5.51","0.0","0.0","0.0","0.0","0.0","0.0","0.0","0.0","0.0","0.0","0.0","0.0","34"
"662.0","D","ALEX SANDRO","6.02","0.0","0.0","0.0","0.0","0.0","0.0","0.0","0.0","0.0","0.0","0.0","0.0","34"
"292.0","D","LICHTSTEINER","5.53","0.0","0.0","0.0","0.0","0.0","0.0","0.0","0.0","0.0","0.0","0.0","0.0","34"
"285.0","D","BARZAGLI","6*","0.0","0.0","0.0","0.0","0.0","0.0","0.0","0.0","0.0","0.0","0.0","0.0","34"
"712.0","C","LEMINA","6*","0.0","0.0","0.0","0.0","0.0","0.0","0.0","0.0","0.0","0.0","0.0","0.0","34"
"299.0","C","KHEDIRA","5.51","0.0","0.0","0.0","0.0","0.0","0.0","0.0","0.0","0.0","0.0","0.0","0.0","34"
"469.0","C","PJANIC","6.01","0.0","0.0","0.0","0.0","0.0","0.0","0.0","0.0","1.0","0.0","0.0","0.0","34"
"697.0","C","CUADRADO","5.53","0.0","0.0","0.0","0.0","0.0","0.0","1.0","0.0","0.0","0.0","0.0","0.0","34"
"309.0","A","DYBALA","6.03","0.0","0.0","0.0","0.0","0.0","0.0","0.0","0.0","0.0","0.0","0.0","0.0","34"
"312.0","A","MANDZUKIC","5.52","0.0","0.0","0.0","0.0","0.0","0.0","0.0","0.0","0.0","0.0","0.0","0.0","34"
"408.0","A","HIGUAIN","5.52","0.0","0.0","0.0","0.0","0.0","0.0","0.0","0.0","0.0","0.0","0.0","0.0","34"
"686.0","ALL","ALLEGRI","6.53","0.0","0.0","0.0","0.0","0.0","0.0","0.0","0.0","0.0","0.0","0.0","0.0","34"
"1934.0","P","STRAKOSHA","7.04","0.0","1.0","0.0","0.0","0.0","0.0","0.0","0.0","0.0","0.0","0.0","0.0","34"
"2062.0","D","BASTOS","7.03","0.0","0.0","0.0","0.0","0.0","0.0","0.0","0.0","0.0","0.0","0.0","0.0","34"
"322.0","D","DE VRIJ","6.54","0.0","0.0","0.0","0.0","0.0","0.0","0.0","0.0","0.0","0.0","0.0","0.0","34"
"2007.0","D","WALLACE","5.53","0.0","0.0","0.0","0.0","0.0","0.0","0.0","0.0","0.0","0.0","0.0","0.0","34"
"319.0","D","BASTA","7.53","1.0","0.0","0.0","0.0","0.0","0.0","0.0","0.0","0.0","0.0","1.0","0.0","34"
"1999.0","D","LUKAKU J","6.03","0.0","0.0","0.0","0.0","0.0","0.0","0.0","0.0","0.0","0.0","0.0","0.0","34"
"324.0","D","HOEDT","6.02","0.0","0.0","0.0","0.0","0.0","0.0","1.0","0.0","0.0","0.0","0.0","0.0","34"
"335.0","C","FELIPE ANDERSON","5.54","0.0","0.0","0.0","0.0","0.0","0.0","0.0","0.0","0.0","0.0","0.0","0.0","34"
"342.0","C","PAROLO","6.51","0.0","0.0","0.0","0.0","0.0","0.0","1.0","0.0","0.0","0.0","0.0","0.0","34"
"331.0","C","BIGLIA","7.54","0.0","0.0","0.0","0.0","0.0","0.0","1.0","0.0","0.0","0.0","0.0","0.0","34"
"645.0","C","MILINKOVIC-SAVIC","7.04","0.0","0.0","0.0","0.0","0.0","0.0","0.0","0.0","0.0","0.0","0.0","0.0","34"
"338.0","C","LULIC","7.04","0.0","0.0","0.0","0.0","0.0","0.0","0.0","0.0","1.0","0.0","0.0","0.0","34"
"345.0","A","KEITA B","8.01","2.0","0.0","0.0","0.0","0.0","0.0","1.0","0.0","0.0","0.0","0.0","0.0","34"
"344.0","A","DJORDJEVIC","6*","0.0","0.0","0.0","0.0","0.0","0.0","0.0","0.0","0.0","0.0","0.0","0.0","34"
"826.0","ALL","INZAGHI S","8.01","0.0","0.0","0.0","0.0","0.0","0.0","0.0","0.0","0.0","0.0","0.0","0.0","34"
"350.0","P","DONNARUMMA G","6.51","0.0","1.0","0.0","0.0","0.0","0.0","0.0","0.0","0.0","0.0","0.0","0.0","34"
"357.0","D","CALABRIA","5.54","0.0","0.0","0.0","0.0","0.0","0.0","0.0","0.0","0.0","0.0","0.0","0.0","34"
"365.0","D","ZAPATA C","5.04","0.0","0.0","0.0","0.0","0.0","0.0","0.0","0.0","0.0","0.0","0.0","0.0","34"
"360.0","D","PALETTA","6.52","1.0","0.0","0.0","0.0","0.0","0.0","0.0","0.0","0.0","0.0","0.0","1.0","34"
"1938.0","D","VANGIONI","5.53","0.0","0.0","0.0","0.0","0.0","0.0","0.0","0.0","0.0","0.0","0.0","0.0","34"
"2052.0","D","GOMEZ G","6*","0.0","0.0","0.0","0.0","0.0","0.0","0.0","0.0","0.0","0.0","0.0","0.0","34"
"234.0","C","KUCKA","5.03","0.0","0.0","0.0","0.0","0.0","0.0","0.0","1.0","0.0","0.0","0.0","0.0","34"
"827.0","C","LOCATELLI M","6.53","0.0","0.0","0.0","0.0","0.0","0.0","0.0","0.0","0.0","0.0","0.0","0.0","34"
"176.0","C","FERNANDEZ M","6.53","0.0","0.0","0.0","0.0","0.0","0.0","0.0","0.0","0.0","0.0","0.0","0.0","34"
"375.0","C","SUSO","6.52","0.0","0.0","0.0","0.0","0.0","0.0","0.0","0.0","0.0","0.0","0.0","0.0","34"
"1923.0","C","OCAMPOS","5.51","0.0","0.0","0.0","0.0","0.0","0.0","0.0","0.0","0.0","0.0","0.0","0.0","34"
"377.0","A","BACCA","6*","0.0","0.0","0.0","0.0","0.0","0.0","0.0","0.0","0.0","0.0","0.0","0.0","34"
"1939.0","A","LAPADULA","5.01","0.0","0.0","0.0","0.0","0.0","0.0","0.0","0.0","0.0","0.0","0.0","0.0","34"
"2119.0","A","DEULOFEU","6.02","0.0","0.0","0.0","0.0","0.0","0.0","1.0","0.0","0.0","0.0","0.0","0.0","34"
"763.0","ALL","MONTELLA","5.04","0.0","0.0","0.0","0.0","0.0","0.0","0.0","0.0","0.0","0.0","0.0","0.0","34"
"387.0","P","REINA","6.01","0.0","0.0","0.0","0.0","0.0","0.0","0.0","0.0","0.0","0.0","0.0","0.0","34"
"140.0","D","HYSAJ","6.53","0.0","0.0","0.0","0.0","0.0","0.0","0.0","0.0","0.0","0.0","0.0","0.0","34"
"388.0","D","ALBIOL","6.52","0.0","0.0","0.0","0.0","0.0","0.0","0.0","0.0","0.0","0.0","0.0","0.0","34"
"392.0","D","KOULIBALY","7.01","0.0","0.0","0.0","0.0","0.0","0.0","1.0","0.0","0.0","0.0","0.0","0.0","34"
"390.0","D","GHOULAM","6.04","0.0","0.0","0.0","0.0","0.0","0.0","0.0","0.0","0.0","0.0","0.0","0.0","34"
"152.0","C","ZIELINSKI","6.51","0.0","0.0","0.0","0.0","0.0","0.0","0.0","0.0","0.0","0.0","0.0","0.0","34"
"58.0","C","DIAWARA","6.51","0.0","0.0","0.0","0.0","0.0","0.0","0.0","0.0","0.0","0.0","0.0","0.0","34"
"402.0","C","HAMSIK","5.51","0.0","0.0","0.0","0.0","0.0","0.0","0.0","0.0","0.0","0.0","0.0","0.0","34"
"2076.0","C","ROG","6.02","0.0","0.0","0.0","0.0","0.0","0.0","1.0","0.0","0.0","0.0","0.0","0.0","34"
"397.0","C","ALLAN","6.03","0.0","0.0","0.0","0.0","0.0","0.0","0.0","0.0","0.0","0.0","0.0","0.0","34"
"2012.0","A","MILIK","6*","0.0","0.0","0.0","0.0","0.0","0.0","0.0","0.0","0.0","0.0","0.0","0.0","34"
"406.0","A","CALLEJON","7.01","1.0","0.0","0.0","0.0","0.0","0.0","0.0","0.0","0.0","0.0","1.0","0.0","34"
"410.0","A","MERTENS","6.54","0.0","0.0","0.0","0.0","0.0","0.0","0.0","0.0","0.0","0.0","0.0","0.0","34"
"409.0","A","INSIGNE","7.03","0.0","0.0","0.0","0.0","0.0","0.0","0.0","0.0","0.0","0.0","0.0","0.0","34"
"688.0","ALL","SARRI","7.04","0.0","0.0","0.0","0.0","0.0","0.0","0.0","0.0","0.0","0.0","0.0","0.0","34"
"1941.0","P","FULIGNATI","7.02","0.0","0.0","0.0","0.0","0.0","0.0","0.0","0.0","0.0","0.0","0.0","0.0","34"
"780.0","D","CIONEK","6.51","0.0","0.0","0.0","0.0","0.0","0.0","0.0","0.0","0.0","0.0","0.0","0.0","34"
"418.0","D","GOLDANIGA","6.51","0.0","0.0","0.0","0.0","0.0","0.0","0.0","0.0","0.0","0.0","0.0","0.0","34"
"414.0","D","ANDELKOVIC","6.52","0.0","0.0","0.0","0.0","0.0","0.0","0.0","0.0","0.0","0.0","0.0","0.0","34"
"423.0","D","RISPOLI","6.51","0.0","0.0","0.0","0.0","0.0","0.0","0.0","0.0","0.0","0.0","0.0","0.0","34"
"2051.0","D","ALEESAMI","7.01","1.0","0.0","0.0","0.0","0.0","0.0","0.0","0.0","0.0","0.0","0.0","0.0","34"
"419.0","D","GONZALEZ G","6.01","0.0","0.0","0.0","0.0","0.0","0.0","0.0","0.0","0.0","0.0","0.0","0.0","34"
"2079.0","C","BRUNO HENRIQUE","6*","0.0","0.0","0.0","0.0","0.0","0.0","0.0","0.0","0.0","0.0","0.0","0.0","34"
"784.0","C","DIAMANTI","7.51","1.0","0.0","0.0","0.0","0.0","0.0","1.0","0.0","0.0","0.0","1.0","0.0","34"
"434.0","C","JAJALO","5.51","0.0","0.0","0.0","0.0","0.0","0.0","0.0","0.0","0.0","0.0","0.0","0.0","34"
"559.0","C","GAZZI","5.52","0.0","0.0","0.0","0.0","0.0","0.0","0.0","0.0","0.0","0.0","0.0","0.0","34"
"431.0","C","CHOCHEV","6.03","0.0","0.0","0.0","0.0","0.0","0.0","0.0","0.0","0.0","0.0","0.0","0.0","34"
"1943.0","A","NESTOROVSKI","5.54","0.0","0.0","0.0","0.0","0.0","0.0","1.0","0.0","0.0","0.0","0.0","0.0","34"
"2010.0","A","SALLAI","6*","0.0","0.0","0.0","0.0","0.0","0.0","0.0","0.0","0.0","0.0","0.0","0.0","34"
"754.0","ALL","BORTOLUZZI","7.53","0.0","0.0","0.0","0.0","0.0","0.0","0.0","0.0","0.0","0.0","0.0","0.0","34"
"1947.0","P","FIORILLO","6.01","0.0","1.0","0.0","0.0","0.0","0.0","0.0","0.0","0.0","0.0","0.0","0.0","34"
"1952.0","D","ZAMPANO","6.03","0.0","0.0","0.0","0.0","0.0","0.0","0.0","0.0","0.0","0.0","0.0","0.0","34"
"1949.0","D","FORNASIER","5.04","0.0","0.0","0.0","0.0","0.0","0.0","1.0","0.0","0.0","0.0","0.0","0.0","34"
"545.0","D","BOVO","6.03","0.0","0.0","0.0","0.0","0.0","0.0","0.0","0.0","0.0","0.0","0.0","0.0","34"
"457.0","D","CRESCENZI","6*","0.0","0.0","0.0","0.0","0.0","0.0","0.0","0.0","0.0","0.0","0.0","0.0","34"
"2117.0","C","KASTANOS","5.51","0.0","0.0","0.0","0.0","0.0","0.0","1.0","0.0","0.0","0.0","0.0","0.0","34"
"430.0","C","BRUGMAN","6.03","0.0","0.0","0.0","0.0","0.0","0.0","0.0","0.0","0.0","0.0","0.0","0.0","34"
"2145.0","C","MILICEVIC","5.04","0.0","0.0","0.0","0.0","0.0","0.0","1.0","0.0","0.0","0.0","0.0","0.0","34"
"2144.0","C","COULIBALY","5.02","0.0","0.0","0.0","0.0","0.0","0.0","0.0","0.0","0.0","0.0","0.0","0.0","34"
"2123.0","C","MUNTARI","6.01","0.0","0.0","0.0","0.0","0.0","0.0","0.0","1.0","0.0","0.0","0.0","0.0","34"
"1955.0","C","MEMUSHAJ","5.01","0.0","0.0","0.0","0.0","0.0","0.0","0.0","0.0","0.0","0.0","0.0","0.0","34"
"428.0","C","BENALI","5.04","0.0","0.0","0.0","0.0","0.0","0.0","0.0","0.0","0.0","0.0","0.0","0.0","34"
"306.0","A","CERRI","5.01","0.0","0.0","0.0","0.0","0.0","0.0","0.0","0.0","0.0","0.0","0.0","0.0","34"
"1958.0","A","CAPRARI","6.51","0.0","0.0","0.0","0.0","0.0","0.0","0.0","0.0","0.0","0.0","0.0","0.0","34"
"2139.0","ALL","ZEMAN","5.03","0.0","0.0","0.0","0.0","0.0","0.0","0.0","0.0","0.0","0.0","0.0","0.0","34"
"453.0","P","SZCZESNY","6.53","0.0","3.0","0.0","0.0","0.0","0.0","0.0","0.0","0.0","0.0","0.0","0.0","34"
"656.0","D","RUDIGER","4.52","0.0","0.0","0.0","0.0","0.0","0.0","0.0","1.0","0.0","0.0","0.0","0.0","34"
"459.0","D","MANOLAS","6.02","0.0","0.0","0.0","0.0","0.0","0.0","0.0","0.0","0.0","0.0","0.0","0.0","34"
"2016.0","D","FAZIO","4.53","0.0","0.0","0.0","0.0","0.0","0.0","0.0","0.0","0.0","0.0","0.0","0.0","34"
"417.0","D","EMERSON","5.02","0.0","0.0","0.0","0.0","0.0","0.0","0.0","0.0","0.0","0.0","0.0","0.0","34"
"546.0","D","BRUNO PERES","5.02","0.0","0.0","0.0","0.0","0.0","0.0","0.0","0.0","0.0","0.0","0.0","0.0","34"
"237.0","C","PEROTTI","5.54","0.0","0.0","0.0","0.0","0.0","0.0","0.0","0.0","0.0","0.0","0.0","0.0","34"
"463.0","C","DE ROSSI","6.52","0.0","0.0","0.0","0.0","1.0","0.0","0.0","0.0","0.0","0.0","0.0","0.0","34"
"470.0","C","STROOTMAN","6.03","0.0","0.0","0.0","0.0","0.0","0.0","0.0","0.0","0.0","0.0","0.0","0.0","34"
"467.0","C","NAINGGOLAN","5.52","0.0","0.0","0.0","0.0","0.0","0.0","0.0","0.0","0.0","0.0","0.0","0.0","34"
"795.0","A","EL SHAARAWY","5.02","0.0","0.0","0.0","0.0","0.0","0.0","0.0","0.0","0.0","0.0","0.0","0.0","34"
"647.0","A","DZEKO","5.01","0.0","0.0","0.0","0.0","0.0","0.0","0.0","0.0","0.0","0.0","0.0","0.0","34"
"646.0","A","SALAH","6.54","0.0","0.0","0.0","0.0","0.0","0.0","0.0","0.0","0.0","0.0","0.0","0.0","34"
"480.0","A","TOTTI","5.51","0.0","0.0","0.0","0.0","0.0","0.0","0.0","0.0","0.0","0.0","0.0","0.0","34"
"782.0","ALL","SPALLETTI","4.54","0.0","0.0","0.0","0.0","0.0","0.0","0.0","0.0","0.0","0.0","0.0","0.0","34"
"483.0","P","PUGGIONI","6.02","0.0","1.0","0.0","0.0","0.0","0.0","0.0","0.0","0.0","0.0","0.0","0.0","34"
"2104.0","D","BERESZYNSKI","6.53","0.0","0.0","0.0","0.0","0.0","0.0","0.0","0.0","0.0","0.0","0.0","0.0","34"
"798.0","D","SKRINIAR","6.52","0.0","0.0","0.0","0.0","0.0","0.0","0.0","0.0","0.0","0.0","0.0","0.0","34"
"492.0","D","SILVESTRE","6.53","0.0","0.0","0.0","0.0","0.0","0.0","0.0","0.0","0.0","0.0","0.0","0.0","34"
"490.0","D","REGINI","5.02","0.0","0.0","0.0","0.0","0.0","0.0","1.0","0.0","0.0","0.0","0.0","0.0","34"
"2008.0","C","LINETTY","6.52","0.0","0.0","0.0","0.0","0.0","0.0","0.0","0.0","1.0","0.0","0.0","0.0","34"
"1972.0","C","TORREIRA","6.54","0.0","0.0","0.0","0.0","0.0","0.0","0.0","0.0","0.0","0.0","0.0","0.0","34"
"2065.0","C","PRAET","6.03","0.0","0.0","0.0","0.0","0.0","0.0","1.0","0.0","0.0","0.0","0.0","0.0","34"
"590.0","C","BRUNO FERNANDES","5.53","0.0","0.0","0.0","0.0","0.0","0.0","0.0","0.0","0.0","0.0","0.0","0.0","34"
"775.0","C","ALVAREZ R","6.03","0.0","0.0","0.0","0.0","0.0","0.0","0.0","0.0","0.0","0.0","0.0","0.0","34"
"1995.0","C","DJURICIC","6*","0.0","0.0","0.0","0.0","0.0","0.0","0.0","0.0","0.0","0.0","0.0","0.0","34"
"568.0","A","QUAGLIARELLA","6.02","0.0","0.0","0.0","0.0","0.0","0.0","0.0","0.0","0.0","0.0","0.0","0.0","34"
"1974.0","A","SCHICK","7.04","1.0","0.0","0.0","0.0","0.0","0.0","0.0","0.0","0.0","0.0","0.0","0.0","34"
"1973.0","A","BUDIMIR","6.01","0.0","0.0","0.0","0.0","0.0","0.0","0.0","0.0","0.0","0.0","0.0","0.0","34"
"681.0","ALL","GIAMPAOLO","6.04","0.0","0.0","0.0","0.0","0.0","0.0","0.0","0.0","0.0","0.0","0.0","0.0","34"
"509.0","P","CONSIGLI","7.51","0.0","1.0","0.0","0.0","0.0","0.0","0.0","0.0","0.0","0.0","0.0","0.0","34"
"824.0","D","ADJAPONG","6.52","0.0","0.0","0.0","0.0","0.0","0.0","0.0","0.0","0.0","0.0","0.0","0.0","34"
"513.0","D","ACERBI","6.54","0.0","0.0","0.0","0.0","0.0","0.0","0.0","0.0","0.0","0.0","0.0","0.0","34"
"521.0","D","PELUSO","6.53","1.0","0.0","0.0","0.0","0.0","0.0","0.0","0.0","0.0","0.0","0.0","0.0","34"
"2015.0","D","LETSCHERT","6.03","0.0","0.0","0.0","0.0","0.0","0.0","1.0","0.0","0.0","0.0","0.0","0.0","34"
"2006.0","D","LIROLA","6*","0.0","0.0","0.0","0.0","0.0","0.0","0.0","0.0","0.0","0.0","0.0","0.0","34"
"516.0","D","CANNAVARO","6.53","0.0","0.0","0.0","0.0","0.0","0.0","0.0","0.0","0.0","0.0","0.0","0.0","34"
"2074.0","C","AQUILANI","6.01","0.0","0.0","0.0","0.0","0.0","0.0","0.0","0.0","0.0","0.0","0.0","0.0","34"
"1978.0","C","SENSI","6.02","0.0","0.0","0.0","0.0","0.0","0.0","1.0","0.0","0.0","0.0","0.0","0.0","34"
"526.0","C","DUNCAN","7.02","1.0","0.0","0.0","0.0","0.0","0.0","1.0","0.0","0.0","0.0","0.0","0.0","34"
"531.0","A","BERARDI","7.02","0.0","0.0","0.0","0.0","0.0","0.0","0.0","0.0","2.0","0.0","0.0","0.0","34"
"380.0","A","MATRI","7.02","1.0","0.0","0.0","0.0","0.0","0.0","0.0","0.0","0.0","0.0","1.0","0.0","34"
"2013.0","A","RICCI","5.51","0.0","0.0","0.0","0.0","0.0","0.0","0.0","0.0","0.0","0.0","0.0","0.0","34"
"536.0","A","POLITANO","6.01","0.0","0.0","0.0","0.0","0.0","0.0","0.0","0.0","0.0","0.0","0.0","0.0","34"
"691.0","ALL","DI FRANCESCO","7.04","0.0","0.0","0.0","0.0","0.0","0.0","0.0","0.0","0.0","0.0","0.0","0.0","34"
"2084.0","P","HART","6.51","0.0","1.0","0.0","0.0","0.0","0.0","0.0","0.0","0.0","0.0","0.0","0.0","34"
"554.0","D","ZAPPACOSTA","6.01","0.0","0.0","0.0","0.0","0.0","0.0","0.0","0.0","0.0","0.0","0.0","0.0","34"
"54.0","D","ROSSETTINI","6.04","0.0","0.0","0.0","0.0","0.0","0.0","0.0","0.0","0.0","0.0","0.0","0.0","34"
"2109.0","D","CARLAO","5.51","0.0","0.0","0.0","0.0","0.0","0.0","0.0","0.0","0.0","0.0","0.0","0.0","34"
"544.0","D","AVELAR","5.51","0.0","0.0","0.0","0.0","0.0","0.0","1.0","0.0","0.0","0.0","0.0","0.0","34"
"555.0","C","ACQUAH","6.04","0.0","0.0","0.0","0.0","0.0","0.0","0.0","0.0","0.0","0.0","0.0","0.0","34"
"556.0","C","BASELLI","6.51","0.0","0.0","0.0","0.0","0.0","0.0","0.0","0.0","0.0","0.0","0.0","0.0","34"
"405.0","C","VALDIFIORI","6*","0.0","0.0","0.0","0.0","0.0","0.0","0.0","0.0","0.0","0.0","0.0","0.0","34"
"475.0","A","IAGO FALQUE","5.02","0.0","0.0","0.0","0.0","0.0","0.0","0.0","0.0","0.0","0.0","0.0","0.0","34"
"478.0","A","LJAJIC","6.54","0.0","0.0","0.0","0.0","0.0","0.0","0.0","0.0","0.0","0.0","0.0","0.0","34"
"1981.0","A","BOYE'","6.54","0.0","0.0","0.0","0.0","0.0","0.0","0.0","0.0","0.0","0.0","0.0","0.0","34"
"441.0","A","BELOTTI","6.03","0.0","0.0","0.0","0.0","0.0","0.0","0.0","0.0","0.0","0.0","0.0","0.0","34"
"477.0","A","ITURBE","7.01","1.0","0.0","0.0","0.0","0.0","0.0","0.0","0.0","0.0","0.0","0.0","1.0","34"
"566.0","A","MAXI LOPEZ","6.02","0.0","0.0","0.0","0.0","0.0","0.0","0.0","0.0","0.0","0.0","0.0","0.0","34"
"687.0","ALL","MIHAJLOVIC","6.02","0.0","0.0","0.0","0.0","0.0","0.0","0.0","0.0","0.0","0.0","0.0","0.0","34"
"570.0","P","KARNEZIS","5.52","0.0","4.0","0.0","0.0","0.0","0.0","0.0","0.0","0.0","0.0","0.0","0.0","34"
"588.0","D","WIDMER","5.03","0.0","0.0","0.0","0.0","0.0","0.0","0.0","0.0","0.0","0.0","0.0","0.0","34"
"578.0","D","DANILO","4.54","0.0","0.0","0.0","0.0","0.0","1.0","1.0","0.0","0.0","0.0","0.0","0.0","34"
"1984.0","D","ANGELLA","5.52","0.0","0.0","0.0","0.0","0.0","0.0","0.0","0.0","0.0","0.0","0.0","0.0","34"
"708.0","D","FELIPE","5.04","0.0","0.0","0.0","0.0","0.0","0.0","0.0","0.0","0.0","0.0","0.0","0.0","34"
"626.0","C","HALLFREDSSON","5.53","0.0","0.0","0.0","0.0","0.0","0.0","1.0","0.0","0.0","0.0","0.0","0.0","34"
"1987.0","C","JANKTO","5.03","0.0","0.0","0.0","0.0","0.0","0.0","0.0","0.0","0.0","0.0","0.0","0.0","34"
"1996.0","C","DE PAUL","6.01","0.0","0.0","0.0","0.0","0.0","0.0","0.0","0.0","0.0","0.0","0.0","0.0","34"
"589.0","C","BADU","5.01","0.0","0.0","0.0","0.0","0.0","0.0","0.0","0.0","0.0","0.0","0.0","0.0","34"
"2081.0","C","KUMS","5.54","0.0","0.0","0.0","0.0","0.0","0.0","0.0","0.0","0.0","0.0","0.0","0.0","34"
"92.0","A","MATOS","5.54","0.0","0.0","0.0","0.0","0.0","0.0","0.0","0.0","0.0","0.0","0.0","0.0","34"
"605.0","A","PERICA","5.52","0.0","0.0","0.0","0.0","0.0","0.0","0.0","0.0","0.0","0.0","0.0","0.0","34"
"608.0","A","ZAPATA D","5.04","0.0","0.0","0.0","0.0","0.0","0.0","1.0","0.0","0.0","0.0","0.0","0.0","34"
"606.0","A","THEREAU","5.04","0.0","0.0","0.0","0.0","0.0","0.0","0.0","0.0","0.0","0.0","0.0","0.0","34"
"766.0","ALL","DELNERI","5.03","0.0","0.0","0.0","0.0","0.0","0.0","0.0","0.0","0.0","0.0","0.0","0.0","34"
